<?xml version='1.0' encoding='UTF-8'?>
<universities>
<university><id>100654</id><name>Alabama A &amp; M University</name><mailing><address>4900 Meridian Street</address><city>Normal</city><state>Alabama</state><zip>35762</zip></mailing><website>www.aamu.edu/</website><classification>Master's Colleges and Universities (larger programs)</classification><location><latitude>34.783368</latitude><longitude>-86.568502</longitude></location></university><university><id>100663</id><name>University of Alabama at Birmingham</name><mailing><address>Administration Bldg Suite 1070</address><city>Birmingham</city><state>Alabama</state><zip>35294-0110</zip></mailing><website>www.uab.edu</website><classification>Research Universities (very high research activity)</classification><location><latitude>33.50223</latitude><longitude>-86.80917</longitude></location></university><university><id>100690</id><name>Amridge University</name><mailing><address>1200 Taylor Rd</address><city>Montgomery</city><state>Alabama</state><zip>36117-3553</zip></mailing><website>www.amridgeuniversity.edu</website><classification>Baccalaureate Colleges--Arts &amp; Sciences</classification><location><latitude>32.362609</latitude><longitude>-86.17401</longitude></location></university><university><id>100706</id><name>University of Alabama in Huntsville</name><mailing><address>301 Sparkman Dr</address><city>Huntsville</city><state>Alabama</state><zip>35899</zip></mailing><website>www.uah.edu</website><classification>Research Universities (very high research activity)</classification><location><latitude>34.722818</latitude><longitude>-86.63842</longitude></location></university><university><id>100724</id><name>Alabama State University</name><mailing><address>915 S Jackson Street</address><city>Montgomery</city><state>Alabama</state><zip>36104-0271</zip></mailing><website>www.alasu.edu</website><classification>Master's Colleges and Universities (larger programs)</classification><location><latitude>32.364317</latitude><longitude>-86.295677</longitude></location></university><university><id>100751</id><name>The University of Alabama</name><mailing><address>739 University Blvd</address><city>Tuscaloosa</city><state>Alabama</state><zip>35487-0166</zip></mailing><website>www.ua.edu/</website><classification>Research Universities (high research activity)</classification><location><latitude>33.2144</latitude><longitude>-87.545766</longitude></location></university><university><id>100830</id><name>Auburn University at Montgomery</name><mailing><address>7440 East Drive</address><city>Montgomery</city><state>Alabama</state><zip>36117-3596</zip></mailing><website>www.aum.edu</website><classification>Master's Colleges and Universities (larger programs)</classification><location><latitude>32.369939</latitude><longitude>-86.177351</longitude></location></university><university><id>100858</id><name>Auburn University</name><mailing><address>Auburn, Alabama</address><city>Auburn University</city><state>Alabama</state><zip>36849</zip></mailing><website>www.auburn.edu</website><classification>Research Universities (high research activity)</classification><location><latitude>32.600201</latitude><longitude>-85.492409</longitude></location></university><university><id>101189</id><name>Faulkner University</name><mailing><address>5345 Atlanta Hwy</address><city>Montgomery</city><state>Alabama</state><zip>36109-3390</zip></mailing><website>www.faulkner.edu</website><classification>Baccalaureate Colleges--Diverse Fields</classification><location><latitude>32.384181</latitude><longitude>-86.21641</longitude></location></university><university><id>101480</id><name>Jacksonville State University</name><mailing><address>700 Pelham Road North</address><city>Jacksonville</city><state>Alabama</state><zip>36265</zip></mailing><website>www.jsu.edu/</website><classification>Master's Colleges and Universities (larger programs)</classification><location><latitude>33.822128</latitude><longitude>-85.766644</longitude></location></university><university><id>102049</id><name>Samford University</name><mailing><address>800 Lakeshore Drive</address><city>Birmingham</city><state>Alabama</state><zip>35229-2240</zip></mailing><website>www.samford.edu</website><classification>Master's Colleges and Universities (medium programs)</classification><location><latitude>33.464578</latitude><longitude>-86.790932</longitude></location></university><university><id>102094</id><name>University of South Alabama</name><mailing><address>307 N University Blvd</address><city>Mobile</city><state>Alabama</state><zip>36688-0002</zip></mailing><website>www.southalabama.edu</website><classification>Research Universities (high research activity)</classification><location><latitude>30.695081</latitude><longitude>-88.18189</longitude></location></university><university><id>102377</id><name>Tuskegee University</name><mailing><address>Kresge Center, 3rd Floor</address><city>Tuskegee</city><state>Alabama</state><zip>36088-1920</zip></mailing><website>www.tuskegee.edu</website><classification>Baccalaureate Colleges--Diverse Fields</classification><location><latitude>32.431021</latitude><longitude>-85.710315</longitude></location></university><university><id>102553</id><name>University of Alaska Anchorage</name><mailing><address>3211 Providence Drive</address><city>Anchorage</city><state>Alaska</state><zip>99508</zip></mailing><website>www.uaa.alaska.edu</website><classification>Master's Colleges and Universities (larger programs)</classification><location><latitude>61.189554</latitude><longitude>-149.826135</longitude></location></university><university><id>102614</id><name>University of Alaska Fairbanks</name><mailing><address>505 South Chandalar Drive</address><city>Fairbanks</city><state>Alaska</state><zip>99775-7500</zip></mailing><website>www.uaf.edu</website><classification>Research Universities (high research activity)</classification><location><latitude>64.857053</latitude><longitude>-147.824751</longitude></location></university><university><id>104151</id><name>Arizona State University-Tempe</name><mailing><address>University Drive and Mill Avenue</address><city>Tempe</city><state>Arizona</state><zip>85287</zip></mailing><website>www.asu.edu/</website><classification>Research Universities (very high research activity)</classification><location><latitude>33.421922</latitude><longitude>-111.940011</longitude></location></university><university><id>104179</id><name>University of Arizona</name><mailing><address>1401 E University</address><city>Tucson</city><state>Arizona</state><zip>85721-0066</zip></mailing><website>www.arizona.edu</website><classification>Research Universities (very high research activity)</classification><location><latitude>32.232071</latitude><longitude>-110.950769</longitude></location></university><university><id>104717</id><name>Grand Canyon University</name><mailing><address>3300 W Camelback Rd</address><city>Phoenix</city><state>Arizona</state><zip>85017</zip></mailing><website>www.gcu.edu</website><classification>Master's Colleges and Universities (larger programs)</classification><location><latitude>33.512172</latitude><longitude>-112.129917</longitude></location></university><university><id>105330</id><name>Northern Arizona University</name><mailing><address>1900 S. Knoles Dr, Babbitt Administrative Center</address><city>Flagstaff</city><state>Arizona</state><zip>86011-4132</zip></mailing><website>nau.edu/</website><classification>Research Universities (high research activity)</classification><location><latitude>35.180095</latitude><longitude>-111.657653</longitude></location></university><university><id>105589</id><name>Prescott College</name><mailing><address>220 Grove Ave</address><city>Prescott</city><state>Arizona</state><zip>86301</zip></mailing><website>www.prescott.edu</website><classification>Master's Colleges and Universities (smaller programs)</classification><location><latitude>34.5445</latitude><longitude>-112.476509</longitude></location></university><university><id>106245</id><name>University of Arkansas at Little Rock</name><mailing><address>2801 S University Ave</address><city>Little Rock</city><state>Arkansas</state><zip>72204</zip></mailing><website>ualr.edu/www/</website><classification>Doctoral/Research Universities</classification><location><latitude>34.726644</latitude><longitude>-92.341835</longitude></location></university><university><id>106263</id><name>University of Arkansas for Medical Sciences</name><mailing><address>4301 W Markham</address><city>Little Rock</city><state>Arkansas</state><zip>72205-7199</zip></mailing><website>www.uams.edu</website><classification>Medical schools and medical centers</classification><location><latitude>34.749718</latitude><longitude>-92.320945</longitude></location></university><university><id>106397</id><name>University of Arkansas</name><mailing><address>Administration Bldg 425</address><city>Fayetteville</city><state>Arkansas</state><zip>72701</zip></mailing><website>www.uark.edu</website><classification>Research Universities (very high research activity)</classification><location><latitude>36.06153</latitude><longitude>-94.178214</longitude></location></university><university><id>106412</id><name>University of Arkansas at Pine Bluff</name><mailing><address>1200 N University Mail Slot 4789</address><city>Pine Bluff</city><state>Arkansas</state><zip>71601</zip></mailing><website>www.uapb.edu</website><classification>Baccalaureate Colleges--Diverse Fields</classification><location><latitude>34.242192</latitude><longitude>-92.021263</longitude></location></university><university><id>106458</id><name>Arkansas State University-Main Campus</name><mailing><address>2105 E. Aggie Road</address><city>Jonesboro</city><state>Arkansas</state><zip>72401</zip></mailing><website>www2.astate.edu</website><classification>Master's Colleges and Universities (larger programs)</classification><location><latitude>35.842779</latitude><longitude>-90.680478</longitude></location></university><university><id>106704</id><name>University of Central Arkansas</name><mailing><address>201 Donaghey Ave</address><city>Conway</city><state>Arkansas</state><zip>72035-0001</zip></mailing><website>www.uca.edu</website><classification>Master's Colleges and Universities (larger programs)</classification><location><latitude>35.078196</latitude><longitude>-92.45931</longitude></location></university><university><id>107044</id><name>Harding University</name><mailing><address>915 E. Market Ave.</address><city>Searcy</city><state>Arkansas</state><zip>72143</zip></mailing><website>www.harding.edu</website><classification>Master's Colleges and Universities (larger programs)</classification><location><latitude>35.249605</latitude><longitude>-91.729008</longitude></location></university><university><id>109785</id><name>Azusa Pacific University</name><mailing><address>901 E Alosta</address><city>Azusa</city><state>California</state><zip>91702-7000</zip></mailing><website>www.apu.edu</website><classification>Doctoral/Research Universities</classification><location><latitude>34.130865</latitude><longitude>-117.88795</longitude></location></university><university><id>110097</id><name>Biola University</name><mailing><address>13800 Biola Ave</address><city>La Mirada</city><state>California</state><zip>90639-0001</zip></mailing><website>www.biola.edu</website><classification>Doctoral/Research Universities</classification><location><latitude>33.904823</latitude><longitude>-118.017342</longitude></location></university><university><id>110316</id><name>California Institute of Integral Studies</name><mailing><address>1453 Mission Street</address><city>San Francisco</city><state>California</state><zip>94103</zip></mailing><website>www.ciis.edu</website><classification>Doctoral/Research Universities</classification><location><latitude>37.774768</latitude><longitude>-122.416537</longitude></location></university><university><id>110404</id><name>California Institute of Technology</name><mailing><address>1200 E California Blvd</address><city>Pasadena</city><state>California</state><zip>91125</zip></mailing><website>www.caltech.edu</website><classification>Research Universities (very high research activity)</classification><location><latitude>34.139275</latitude><longitude>-118.12574</longitude></location></university><university><id>110468</id><name>Alliant International University-San Diego</name><mailing><address>10455 Pomerado Road</address><city>San Diego</city><state>California</state><zip>92131</zip></mailing><website>www.alliant.edu</website><classification>Doctoral/Research Universities</classification><location><latitude>32.897056</latitude><longitude>-117.094398</longitude></location></university><university><id>110510</id><name>California State University-San Bernardino</name><mailing><address>5500 University Pky</address><city>San Bernardino</city><state>California</state><zip>92407-2397</zip></mailing><website>www.csusb.edu</website><classification>Master's Colleges and Universities (larger programs)</classification><location><latitude>34.182987</latitude><longitude>-117.322508</longitude></location></university><university><id>110529</id><name>California State Polytechnic University-Pomona</name><mailing><address>3801 West Temple Avenue</address><city>Pomona</city><state>California</state><zip>91768</zip></mailing><website>www.csupomona.edu</website><classification>Master's Colleges and Universities (larger programs)</classification><location><latitude>34.054273</latitude><longitude>-117.819019</longitude></location></university><university><id>110556</id><name>California State University-Fresno</name><mailing><address>5241 N Maple Ave</address><city>Fresno</city><state>California</state><zip>93740</zip></mailing><website>www.csufresno.edu</website><classification>Master's Colleges and Universities (larger programs)</classification><location><latitude>36.814477</latitude><longitude>-119.748258</longitude></location></university><university><id>110592</id><name>California State University-Los Angeles</name><mailing><address>5151 State University Dr</address><city>Los Angeles</city><state>California</state><zip>90032</zip></mailing><website>www.calstatela.edu</website><classification>Master's Colleges and Universities (larger programs)</classification><location><latitude>34.066927</latitude><longitude>-118.168965</longitude></location></university><university><id>110608</id><name>California State University-Northridge</name><mailing><address>18111 Nordhoff St</address><city>Northridge</city><state>California</state><zip>91330</zip></mailing><website>www.csun.edu</website><classification>Master's Colleges and Universities (larger programs)</classification><location><latitude>34.23671</latitude><longitude>-118.526817</longitude></location></university><university><id>110635</id><name>University of California-Berkeley</name><mailing><address>200 California Hall</address><city>Berkeley</city><state>California</state><zip>94720</zip></mailing><website>www.berkeley.edu</website><classification>Research Universities (very high research activity)</classification><location><latitude>37.871519</latitude><longitude>-122.260401</longitude></location></university><university><id>110644</id><name>University of California-Davis</name><mailing><address>One Shields Avenue</address><city>Davis</city><state>California</state><zip>95616-8678</zip></mailing><website>www.ucdavis.edu</website><classification>Research Universities (very high research activity)</classification><location><latitude>38.539895</latitude><longitude>-121.751958</longitude></location></university><university><id>110653</id><name>University of California-Irvine</name><mailing><address>501 Aldrich Hall</address><city>Irvine</city><state>California</state><zip>92697</zip></mailing><website>www.uci.edu/</website><classification>Research Universities (very high research activity)</classification><location><latitude>33.648434</latitude><longitude>-117.841248</longitude></location></university><university><id>110662</id><name>University of California-Los Angeles</name><mailing><address>405 Hilgard Ave</address><city>Los Angeles</city><state>California</state><zip>90095-1405</zip></mailing><website>www.ucla.edu/</website><classification>Research Universities (very high research activity)</classification><location><latitude>34.068892</latitude><longitude>-118.443901</longitude></location></university><university><id>110671</id><name>University of California-Riverside</name><mailing><address>900 University Ave</address><city>Riverside</city><state>California</state><zip>92521</zip></mailing><website>WWW.UCR.EDU</website><classification>Research Universities (very high research activity)</classification><location><latitude>33.97588</latitude><longitude>-117.331098</longitude></location></university><university><id>110680</id><name>University of California-San Diego</name><mailing><address>9500 Gilman Dr</address><city>La Jolla</city><state>California</state><zip>92093</zip></mailing><website>www.ucsd.edu</website><classification>Research Universities (very high research activity)</classification><location><latitude>32.876598</latitude><longitude>-117.237793</longitude></location></university><university><id>110705</id><name>University of California-Santa Barbara</name><mailing><address>5221 Cheadle Hall</address><city>Santa Barbara</city><state>California</state><zip>93106</zip></mailing><website>www.ucsb.edu</website><classification>Research Universities (very high research activity)</classification><location><latitude>34.415402</latitude><longitude>-119.848031</longitude></location></university><university><id>110714</id><name>University of California-Santa Cruz</name><mailing><address>1156 High St</address><city>Santa Cruz</city><state>California</state><zip>95064-1011</zip></mailing><website>www.ucsc.edu/</website><classification>Research Universities (very high research activity)</classification><location><latitude>36.997258</latitude><longitude>-122.067993</longitude></location></university><university><id>110778</id><name>Sofia University</name><mailing><address>1069 East Meadow Cr</address><city>Palo Alto</city><state>California</state><zip>94303</zip></mailing><website>www.sofia.edu</website><classification>Other health professions schools</classification><location><latitude>37.430325</latitude><longitude>-122.10866</longitude></location></university><university><id>111948</id><name>Chapman University</name><mailing><address>One University Dr.</address><city>Orange</city><state>California</state><zip>92866</zip></mailing><website>www.chapman.edu</website><classification>Master's Colleges and Universities (larger programs)</classification><location><latitude>33.793678</latitude><longitude>-117.851481</longitude></location></university><university><id>112075</id><name>Concordia University-Irvine</name><mailing><address>1530 Concordia West</address><city>Irvine</city><state>California</state><zip>92612-3203</zip></mailing><website>www.cui.edu</website><classification>Master's Colleges and Universities (larger programs)</classification><location><latitude>33.6535</latitude><longitude>-117.81063</longitude></location></university><university><id>115083</id><name>Golden Gate University-San Francisco</name><mailing><address>536 Mission Street</address><city>San Francisco</city><state>California</state><zip>94105-2968</zip></mailing><website>www.ggu.edu</website><classification>Master's Colleges and Universities (larger programs)</classification><location><latitude>37.789208</latitude><longitude>-122.398785</longitude></location></university><university><id>117140</id><name>University of La Verne</name><mailing><address>1950 Third St</address><city>La Verne</city><state>California</state><zip>91750-4401</zip></mailing><website>www.laverne.edu/</website><classification>Doctoral/Research Universities</classification><location><latitude>34.10086</latitude><longitude>-117.772634</longitude></location></university></universities>